,name,ror_id
0,Royal Academy of Art,00490vc18
1,European Association of Urology,00m9mc973
2,Chemtrix (Netherlands),00ycyk215
3,Low & Bonar (Netherlands),04hr2ce79
4,Pantarhei Bioscience (Netherlands),03hagz796
5,Organisation for the Prohibition of Chemical Weapons,02rqftv84
6,Maastricht School of Management,04zb8fk81
7,Waddenfonds,02h1t6f69
8,Eijkelkamp SonicSampDrill (Netherlands),023q39239
9,Royal Dutch Football Association,02ke6ab14
10,Western Digital (Netherlands),05f4fbs05
11,Tagworks Pharmaceuticals (Netherlands),0364yac91
12,International Confederation of Midwives,039c24767
13,International Pharmaceutical Federation,0282kvf82
14,International Research Universities Network,04484bb06
15,Protestant Theological University,016w23120
16,Tio University,00560h931
17,University of Humanistic Studies,04w5ec154
18,Centre for Medical Systems Biology,00e7dfm13
19,Christelijk Gymnasium Utrecht,02gd5t807
20,Hogeschool de Kempel,056k6yz11
21,Hogeschool iPabo,0230zs006
22,AMN (Netherlands),00gnbgz55
23,Credit Comfort,02rpygq27
24,Amsterdam Museum,05cj5gd51
25,Openbare Scholengemeenschap De Hogeberg,008za0b72
26,Mulier Institute,0325s8d52
27,Ingenieursburo Balvers (Netherlands),02esv1036
28,Museum Catharijneconvent,01xjjmp17
29,Alfa College,030ms0k96
30,Dutch Network of Systems and Control,04jrdcy74
31,Institute for the Study of Education and Human Development,03hxrmn64
32,Netherlands Interdisciplinary Demographic Institute,04kf5kc54
33,Netherlands Bioinformatics Centre,01r0k6965
34,Netherlands Metabolomics Centre,00zh5wn98
35,NatriSoft (Netherlands),02dv36z82
36,SNS Reaal,04tf4mr55
37,Social Historic Centre for Limburg,00ypx8t52
38,Ons Middelbaar Onderwijs,040657n65
39,European Association of Distance Teaching Universities,053qcv951
40,International Bureau of Fiscal Documentation,00bscyw28
41,Intravacc (Netherlands),01mmx3p40
42,Center for Translational Molecular Medicine,047wvvg23
43,Instituut Gak,02tx5t327
44,Radboud Institute for Molecular Life Sciences,01yb10j39
45,Swets (Netherlands),02rpz4k59
46,Encapson (Netherlands),02yd5qy74
47,Driestar Christian University,05jext738
48,Hotelschool The Hague,018t8yw14
49,Rups Consultancy and Project Management,037p78440
50,Siemens (Netherlands),02mt4w922
51,Schoenfabriek Wed. J.P. van Bommel (Netherlands),055a3gx21
52,Stichting Accessibility,01qbtys04
53,Digital Heritage Netherlands,055622428
54,Dutch Polymer Institute,01m71fs94
55,Stichting Ecobaby,0334n7472
56,Knowledge Centre Wind turbine Materials and Constructions,050qdy167
57,Nationaal ICT Instituut in de Zorg,03kvq4w45
58,DNV GL (Netherlands),004r4ve77
59,TenCate (Netherlands),03v96p621
60,Tinbergen Institute,054xxtt73
61,Schlumberger (Netherlands),03daw3m97
62,Flevoziekenhuis,02tqqrq23
63,Onze Lieve Vrouwe Gasthuis,01d02sf11
64,Svar Life Science (Netherlands),01jqhew41
65,Borstkankervereniging Nederland,01fmdar07
66,ISA Pharmaceuticals (Netherlands),00cswhr36
67,VitaValley Foundation,00m3dfd98
68,Evidentia Publishing (Netherlands),034jtsg79
69,Wolters Kluwer (Netherlands),03qemwx69
70,AT&T (Netherlands),02efxmp95
71,Avantium (Netherlands),052kwn289
72,Moog (Netherlands),01rtxd659
73,AnyWi Technologies (Netherlands),03d2qa639
74,BioActor (Netherlands),052z4yp15
75,Dutch Institute for Healthcare Improvement,05se6w266
76,Colorex Master Batch (Netherlands),01tjxaw07
77,Dsan Research Solutions,046nv5659
78,Dow Chemical (Netherlands),049px0x49
79,BASF (Netherlands),00sgajx84
80,Solvay (Netherlands),05hxvc906
81,Airbus (Netherlands),02z4rsp10
82,Esaote (Netherlands),02fwpc710
83,Foreco (Netherlands),04vfnb935
84,Future Diagnostics (Netherlands),001gdnj66
85,European Institute of Printed Circuits,043m8qc33
86,Goudappel Coffeng,00ag93x16
87,European Organisation for Research and Treatment of Cancer,04g9wby70
88,Tronox (Netherlands),00td9nh08
89,KIC InnoEnergy (Netherlands),031362551
90,Royal BAM Group (Netherlands),0060zp422
91,Logisticon (Netherlands),00c0vk765
92,Vestas (Netherlands),04f0w3t91
93,Noterik (Netherlands),00h642n86
94,Portbase,0486mwv16
95,Rood Wit Blauw Water Services (Netherlands),009ephb22
96,ICCO,005w1s219
97,Virology Education,04f10rk67
98,Astellas Pharma (Netherlands),04kyfd050
99,Stichting Kind en Groei,04dzm3847
100,Echo Pharmaceuticals (Netherlands),05mjtfk75
101,Sanofi (Netherlands),00pgqb537
102,Eli Lilly (Netherlands),02ve0bg52
103,European Uro Oncology Group,04k3tc204
104,Dr. Reddy's Laboratories (Netherlands),01dn4wg45
105,Nederlandse Vereniging van Artsen voor Longziekten en Tuberculose,03a3n5193
106,Solenne (Netherlands),031kkyn50
107,BBB Therapeutics (Netherlands),05yjdg022
108,Santeon (Netherlands),02fxnw554
109,Werkgroep Cardiologische centra Nederland,01bb2y691
110,Tolbrug Specialistische Revalidatie,031a73r17
111,Adessium Foundation,011ftwx20
112,Art Innovation (Netherlands),02g21hc40
113,Hewlett-Packard (Netherlands),020fcst87
114,Reckitt Benckiser (Netherlands),00647p549
115,Maag Lever Darm Stichting,05jkpd189
116,Stichting Rotterdams Kinderrevalidatie Fonds Adriaanstichting,03agt1e39
117,VSBfonds,022jr5m13
118,Wetenschappelijk Onderzoek- en Documentatiecentrum,0002exf56
119,Hair Science Institute,040rzp686
120,Institute for Sustainable Process Technology,05nqm0q11
121,Life Science Patents,05qtw9471
122,Pharmerit (Netherlands),00ntr9f13
123,Amsterdam Neuroscience,01x2d9f70
124,Netherlands Heart Institute,01mh6b283
125,Diakonessenhuis hospital,01nrpzj54
126,Amphia Ziekenhuis,01g21pa45
127,Central Military Hospital,01d3gh658
128,De Gezondheidsdienst voor Dieren,02hy2mb20
129,The Health Council of the Netherlands,007xad319
130,Albert Schweitzer Ziekenhuis,00e8ykd54
131,Ikazia Ziekenhuis Rotterdam,01abkkw91
132,Bronovo Hospital,03r781319
133,Medisch Centrum Alkmaar,04vccmr34
134,Medisch Centrum Haaglanden,00v2tx290
135,Rode Kruis Ziekenhuis,00vyr7c31
136,Laurentius Ziekenhuis,053njym08
137,Sint Lucas Andreas Hospital,016jc2h42
138,Netherlands Institute for Health Services Research,015xq7480
139,Slingeland Ziekenhuis,00jw56w10
140,Erasmus MC - Sophia Children’s Hospital,047afsm11
141,Nederlands Oogheelkundig Onderzoek,05yas2736
142,PharmAccess Group,007jy0643
143,Altana (Netherlands),05tgveb11
144,ZBC Multicare (Netherlands),0325z9a60
145,Boehringer Ingelheim (Netherlands),04fh1gw55
146,Foundation for Liver and Gastrointestinal Research,04hzejq44
147,Militaire Geestelijke Gezondheidszorg,00xnymf93
148,Royal Dutch Pharmacists Association,00gdw7f12
149,European Association for Endoscopic Surgery,015wndh26
150,Nederlandse Vereniging voor Tropische Geneeskunde,0123yy056
151,Dianet,01qsyak13
152,Triodos Bank,04tagby45
153,Arbo Unie,05fwtr092
154,GGzE,03mg65n75
155,De Twentse Zorgcentra,01fqyr702
156,The eNose (Netherlands),018wek193
157,Epilepsiefonds,03ed6ba60
158,Stichting Erasmus Trustfonds,033zc3t08
159,Dimence,010jxjq13
160,Dutch Lung Cancer Research Group,03p00z818
161,Dutch Association for Regional Anesthesia,00hbvz117
162,Bartiméus,047b7k736
163,Bauerfeind (Netherlands),0153zg311
164,VeiligheidNL,05qwpv987
165,AngioDynamics (Netherlands),05e2s1y16
166,Dutch Endovascular Alliance,02xztvm24
167,Bayer (Netherlands),01442sk86
168,Evean,00cfpf441
169,Algemene Nederlandse Vereniging ter Voorkoming van Blindheid,0210ag428
170,BioClin (Netherlands),05qce6816
171,GGD West-Brabant,02kj9za59
172,GGz centraal,01m0gv380
173,Amstelring,02xjdnj70
174,Oostvaarderskliniek,01kmd8x15
175,Goodlife (Netherlands),03n3g7r56
176,SBOH,0270bqq96
177,Marti-Keuning Eckhardt Stichting,04g9szr12
178,Hero Benelux (Netherlands),05bmt9g57
179,HilverZorg,03g7v9982
180,Cristal Therapeutics (Netherlands),03s453j88
181,Nestlé (Netherlands),02drjk215
182,European Health Psychology Society,02fd11n27
183,Royal Dutch Organization of Midwives,02162rn53
184,Federatie Medisch Specialisten,056vah748
185,Koning Willem I College,01rps2j56
186,Royal Dutch Society for the Promotion of Dentistry,04y4ec840
187,Dutch Hospital Association,05sj77784
188,Merck (Netherlands),012chae64
189,Pension Fund for Care and Well-Being,05a8epj20
190,Nederlandse Vereniging van Artsen voor Musculoskeletale Geneeskunde,04gv1ap07
191,Ministry of Social Affairs and Employment,05xaz7757
192,"Ministry of Agriculture, Nature and Food Quality",03b1hdw57
193,Podocentrum Alkmaar,03exh6913
194,Leyden Academy on Vitality and Ageing,00txvrc11
195,NutriLeads (Netherlands),05nvt9206
196,Ipse de Bruggen,01crhqr30
197,IQ Medical Ventures (Netherlands),04tg2rn58
198,Save by Seva Foundation,05x6vad86
199,Nederlandse Vereniging voor Plastische Chirurgie,02fxhk514
200,Olympus (Netherlands),009cq8s89
201,Sense Textile (Netherlands),0215ym372
202,Regio Gooi en Vechtstreek,01are8h73
203,Stichting Agis Zorginnovatiefonds,03fd2y933
204,Agora,04t5qmm38
205,Reinier van Arkel,04ggjpc96
206,Stichting Urologisch Wetenschappelijk Onderzoek,00q6rn894
207,Volandis,02qpd5a14
208,Asklepios Foundation,00740sw32
209,Tante Louise,00ccsy875
210,Team Westland,03t8qvt86
211,ROC Leeuwenborgh,052c2ng98
212,Stichting De Weijerhorst,0227c4549
213,STECR,05pabx459
214,RR Mechatronics (Netherlands),04w0g9c06
215,Stichting Hartekind,00s3sar63
216,Thebe,0345gq170
217,Vanboeijen,01nzrnn89
218,Maatschap Friese Longartsen,02z138x11
219,Vereniging Nederlandse Cateringorganisaties,03thqn741
220,Transcare,01fw4cw44
221,Coöperatie VGZ (Netherlands),04983vw43
222,Turing Foundation,02bq4xp81
223,Stichting Nationaal Fonds Het Gehandicapte Kind,04q3h7t52
224,Univé (Netherlands),04yv75396
225,Landsteiner Instituut,01a0jnf88
226,Stichting Rehabilitatie ‘92,0356ywp11
227,Verslavingszorg Noord Nederland,0564c7p76
228,Middelbaar Beroeps Onderwijs,004pfc251
229,Zorggroep Kans,04gpeah71
230,Zorggroep Meander,00vtp3850
231,Zorggroep Sint Maarten,0320z2q35
232,Cardialysis (Netherlands),058wnr349
233,HumanTotalCare (Netherlands),00afzcs08
234,Janusz Korczak Stichting,007rj1t21
235,MicroPort Orthopedics (Netherlands),0007f0665
236,SOMT University of Physiotherapy,04chwzs27
237,Amsterdam Institute for International Development,030f3bz67
238,Eska (Netherlands),02hf3eh91
239,Bioseutica (Netherlands),02e58j402
240,Royal Conservatory of The Hague,01mwwwn80
241,Electric Ant Lab (Netherlands),01xfv7487
242,University Medical Center Groningen,03cv38k47
243,Netherlands Organisation for Applied Scientific Research,01bnjb948
244,Leiden University,027bh9e22
245,Delft University of Technology,02e2c7k09
246,Erasmus MC,018906e22
247,Eindhoven University of Technology,02c2kyt77
248,Royal Netherlands Meteorological Institute,05dfgh554
249,Radboud University Nijmegen Medical Centre,05wg1m734
250,Open University in the Netherlands,018dfmf50
251,Stichting Technasium,03645mz20
252,Ziekenhuis Groep Twente,04grrp271
253,Institute for Atomic and Molecular Physics,038x9td67
254,Royal Netherlands Academy of Arts and Sciences,043c0p156
255,Association of Dutch Burn Centres,02wcc5n95
256,Graduate School Neurosciences Amsterdam Rotterdam,0449h4696
257,Westerdijk Fungal Biodiversity Institute,030a5r161
258,Koninklijke Nederlandse Chemische Vereniging,0287mpm73
259,KWR Water Research Institute,04f1mvy95
260,Roessingh Research and Development,01dmjt679
261,Dutch Research Council,04jsz6e67
262,AkzoNobel (Netherlands),017ctmv39
263,Ecorys (Netherlands),05kjm8921
264,Humanetics Innovative Solutions (Netherlands),050teng13
265,European Space Research and Technology Centre,03h3jqn23
266,Thales (Netherlands),032tp7158
267,Veiligheids- en Gezondheidsregio Gelderland-Midden,02mm95a26
268,Gemeente Amsterdam,003h0ev22
269,Port of Rotterdam Authority,05rzqb565
270,IPCOS (Netherlands),010fbtk71
271,M&I/Partners,02kc0ck80
272,Pepscan (Netherlands),03veq6934
273,Process Design Center (Netherlands),05sgqz436
274,Promolding (Netherlands),057bd0236
275,Netherlands Standardization Institute,03x84qk23
276,Ministry of Education Culture and Science,02x3w5g21
277,Noldus Information Technology,00tzgse53
278,Smart Homes,00zecds36
279,Stork (Netherlands),03b7cbd70
280,Altium's (Netherlands),01sa7d916
281,Triqua (Netherlands),02w2r5196
282,TE Connectivity (Netherlands),05f08j617
283,Amsterdam Economic Board,04mjy3g97
284,Verwey Jonker Institute,017hmby02
285,Museon,03scjwb12
286,Oncode Institute,01n92vv28
287,Stichting HIV Monitoring,02w6k4f12
288,International New Town Institute,027zjnr49
289,Observatories and Research Facilities for European Seismology,01v801w64
290,Tromp Medical (Netherlands),0342vn940
291,Understanding Childhood Arthritis Network,057tkar12
292,QuSoft,00zq3ce72
293,InterPore,05s4v9y95
294,CNH Industrial (Netherlands),017rhna63
295,World Marrow Donor Association,02zcn6j48
296,Beatrix Kinderziekenhuis,02zyr1680
297,De Kinderkliniek,03j5g5d55
298,euroCRIS,04340dw19
299,Erasmus MC Cancer Institute,03r4m3349
300,Centrient Pharmaceuticals (Netherlands),03zf99n20
301,Asser Institute,04tdptw32
302,Human Vaccines Project Europe,018ypnc38
303,Merus (Netherlands),03kczcb35
304,Institute of Network Cultures,01pj4qf10
305,Natural History Museum Rotterdam,01s8f2180
306,Amsterdam Institute for Advanced Metropolitan Solutions,01g0n8690
307,PamGene (Netherlands),03c9hf945
308,GGD Hart voor Brabant,05dzd9d14
309,ENPICOM (Netherlands),00cv8gc24
310,GGD Brabant-Zuidoost,00cjb8p81
311,PAMM,05mggs005
312,Lava Therapeutics (Netherlands),051k25d02
313,Givaudan (Netherlands),012yyz739
314,Royal GD (Netherlands),02j5ney70
315,Vrije Universiteit Amsterdam,008xxew50
316,Netherlands Cancer Institute-Antoni van Leeuwenhoek Hospital,03xqtf034
317,Netherlands Haemophilia Society,00wk22n41
318,EMGO Institute for Health and Care Research,0258apj61
319,Hague Academy of International Law,03skjap48
320,Vereniging Achmea,01vctnd13
321,Nutricia Research (Netherlands),04yx5fa32
322,"Network for Studies on Pensions, Aging and Retirement",05tw3m124
323,Maatschappij tot Redding van Drenkelingen,02wqfz680
324,ATG Europe (Netherlands),03p1xd909
325,Percuros (Netherlands),01cxpkg92
326,SolMateS (Netherlands),03mvhz334
327,Netherlands Maritime Technology,01qqwja70
328,Association of universities in the Netherlands,05wvdt748
329,Saudi Arabia Basic Industries (Netherlands),04ra3cs69
330,STMicroelectronics (Netherlands),00ba1ja72
331,Netherlands Defence Academy,02dnvjf04
332,Reden (Netherlands),00ssh1q19
333,ZF Screens (Netherlands),05qpyc807
334,Access to Seeds Index,02zpzpz12
335,International Federation of Library Associations and Institutions,026gatw61
336,Global Network of People Living with HIV/AIDS,035w8ak98
337,Novartis (Netherlands),01a80cj23
338,Sint Franciscus Gasthuis,007xmz366
339,RELX Group (Netherlands),02scfj030
340,Holland Chemistry,007bss615
341,Design Academy Eindhoven,039vq9023
342,NHL University of Applied Sciences,05m4jv490
343,Theological University of Apeldoorn,03s2fjy85
344,Actelion (Netherlands),053xq8k96
345,Borstkanker Onderzoek Groep,04cr37s66
346,Diagram (Netherlands),03rhyyh86
347,Pancreatitis Werkgroep Nederland,007r3zy44
348,GGZ Oost Brabant,05p2mb588
349,Emotional Brain (Netherlands),03vy5fy74
350,Streeklab Haarlem,02fyrxr51
351,Alrijne Ziekenhuis,017rd0q69
352,Dr Kolbach Kliniek,01ypfvm35
353,Ziekenhuis Nij Smellinghe,030gj2p37
354,Radiotherapeutisch Instituut Friesland,05f7htr55
355,St.Jans Gasthuis Weert,01a91k946
356,Sluyterman van Loo Foundation,0393e5v03
357,Freek en Hella de Jonge Stichting,03t5h1366
358,International Association for the Evaluation of Educational Achievement,00n789a42
359,Dolby (Netherlands),02kb3q578
360,Hunter Douglas (Netherlands),033z8qs97
361,Lely (Netherlands),03yg75p21
362,Jacobs Douwe Egberts (Netherlands),03n2fp057
363,Koninklijk Nederlands Genootschap voor Fysiotherapie,04946nn35
364,Nederlandse Vereniging voor Trombose en Hemostase,01fesvd20
365,Adidas (Netherlands),011b3r412
366,Honeywell (Netherlands),01yxf2e18
367,Synthon (Netherlands),01gswc231
368,Whirlpool (Netherlands),023bna168
369,ELEQ (Netherlands),0422kq922
370,Basko Healthcare,032dyj305
371,AOMB Intellectual Property (Netherlands),02j5xfp60
372,Medical Dispensing Systems (Netherlands),033nhhq39
373,VAF Instruments (Netherlands),04gnv7g45
374,Texas Instruments (Netherlands),046vvrs54
375,Dräger (Netherlands),003kp3v47
376,Hendrix Genetics (Netherlands),01f67ew21
377,Barco (Netherlands),017vj1d34
378,Health Foundation Limburg,008vm1c77
379,Revalidatiefonds,02vmzh064
380,Inholland University of Applied Sciences,03cfsyg37
381,Wittenborg University,020z55s31
382,Windesheim University of Applied Sciences,04zmc0e16
383,"NIOD Institute for War, Holocaust and Genocide Studies",05he87q93
384,CINOP,035jt5x02
385,Dutch postgraduate School for Art History,0265xav62
386,Van Hall Larenstein University of Applied Sciences,02mdbnd10
387,Huygens Institute for the History of the Netherlands,04x6kq749
388,International Institute for Asian Studies,04tz9fd40
389,BC Broekhin Roermond,05rxmpb48
390,Nederlands Instituut voor Wetenschappelijke Informatiediensten,020hsr785
391,Royal Academy of Visual Arts,01ygzxb58
392,C.T. de Wit Graduate School for Production Ecology and Resource Conservation,020dp5a36
393,Vestigia,050vtbc65
394,C. van 't Riet Dairy Technology (Netherlands),00wcmt229
395,Staal Technisch Centrum (Netherlands),01kkxsr20
396,Netherlands Institute for Space Research,02wc0kq10
397,SemLab (Netherlands),021yrfz74
398,QPS (Netherlands),02asacd21
399,Netherlands Consortium for Healthy Ageing,03wnqyy64
400,Isala,046a2wj10
401,Dutch Centre for Field Ornithology,026x8jh45
402,Médecins Sans Frontières,04237en35
403,Dutch Cancer Society,0368jnd28
404,Nierstichting,020k6v967
405,Nutricia Research Foundation,00vt3ry76
406,Canon Foundation in Europe,03sjs8573
407,Fonds Psychische Gezondheid,048e31249
408,Mama Cash,00k289v48
409,Amsterdam University of Applied Sciences,00y2z2s03
410,Avantes (Netherlands),01zqwky61
411,Ambient Systems (Netherlands),01m12v471
412,CEA Systems (Netherlands),012xvbn21
413,Culgi (Netherlands),05p90pk86
414,DTV Consultants (Netherlands),02tga4733
415,Gemeente Helmond,028a1kb39
416,Imtech Marine (Netherlands),045zhyc13
417,Holland Renewable Energy Technologies (Netherlands),04g6csw95
418,ING Bank,059et9981
419,HydroLogic (Netherlands),03t2wy197
420,International Soil Reference and Information Centre,01z8yfp14
421,Equens (Netherlands),002wz1627
422,Institute for Applied Environmental Economics,02yzsw326
423,Lenntech (Netherlands),02rp48z36
424,LifeTec Group (Netherlands),03t15zy94
425,Instituut Fysieke Veiligheid,05fe6qm90
426,Personal Space Technologies (Netherlands),03mmsj102
427,Rodenburg Biopolymers (Netherlands),0570cz029
428,Remmers Bouwchemie (Netherlands),0174fh497
429,R&R Systems (Netherlands),03pmd4r81
430,Kiwa,05586rd65
431,Jeroen Bosch Ziekenhuis,04rr42t68
432,Elkerliek Ziekenhuis,01q750e89
433,Emma Kinderziekenhuis,00bmv4102
434,Meander Medisch Centrum,04n1xa154
435,Medisch Spectrum Twente,033xvax87
436,Geneeskundige en Gezondheidsdienst,006xsx833
437,DDL Diagnostic Laboratory,04xdr5k48
438,Pfizer (Netherlands),02bzf1224
439,Omring,0180s3q15
440,Nederlands Paramedisch Instituut,02g08q683
441,Benelux Society of Phlebology,03vf2kf90
442,Nederlandse Vereniging voor Obstetrie en Gynaecologie,05qaf7a32
443,Clinical Trial Center Maastricht,03gsbap19
444,Jon J van Rood Centre for Clinical Transfusion Research,04cm10r73
445,Neys-van Hoogstraten Foundation,05cfhyk75
446,Expertise Center Vocational Education,05jrbdv26
447,Capri Hartrevalidatie,052bwcm79
448,De Bascule,03bpayg50
449,Arq Psychotrauma Expert Group,0081aw162
450,Carbohydrate Competence Center,05d63m431
451,De Forensische Zorgspecialisten,03tx1jp34
452,C Care Orthopedics,05vgtss27
453,Depressie Vereniging,02rycyg15
454,Entrea,04md5tc32
455,Certe,04m8g8w48
456,DOH Zorggroep,0392bhy50
457,AmbulanceZorg Rotterdam-Rijnmond,04c4nbz33
458,Dienst Uitvoering Onderwijs,0234pcb82
459,Innovatiefonds Zorgverzekeraars,018kpa439
460,Netherlands Nutrition Centre,04zmc7w78
461,Nederlandse Vereniging voor Hepatologie,0598b8w92
462,AQLANE Medical (Netherlands),04ja13179
463,Nederlandse Vereniging voor Gastroenterologie,0203tey58
464,Antes,04318hx17
465,Focal Meditech (Netherlands),05grjt380
466,GD Medical Pharma (Netherlands),01mm9kz68
467,GGD Rotterdam-Rijnmond,00dkp4z50
468,Dienst Gezondheid & Jeugd,04ms2sw50
469,Stichting Zonnige Jeugd,00zdfr649
470,Zeeuws Hand & Pols Centrum,01j0j2s89
471,Health & Motion,02hp0cc95
472,Commit,031m0hs53
473,Cordaid,046dq9976
474,Medisch Coördinerend Centrum Omnes,030kv0w79
475,HSK Groep,02hcvyf40
476,Huisartsen Oostelijk Zuid Limburg,0357qk965
477,Orthica (Netherlands),01y36r136
478,MediRisk (Netherlands),018q2vm69
479,Eurocept Group (Netherlands),043dpra13
480,Nederlandse Vereniging van Orthodontisten,006gr2m12
481,Parkinson Vereniging,05k65ce46
482,Lamepro Benelux (Netherlands),047b6h508
483,Academie Verloskunde Amsterdam Groningen,02nt7ap43
484,Laurens,01d2t6428
485,Movisie,00vkpdt16
486,Nederlands Olympisch Comité Nederlandse Sport Federatie,017f19q81
487,Pro Persona,04jy41s17
488,MDxHealth (Netherlands),01an3vn51
489,Praktijkondersteuning Zuidoost-Brabant,057r0z941
490,Praktikon,04sce8194
491,PsyQ,02axh0j46
492,GGD Zuid Limburg,04af0r679
493,Instituut voor Verantwoord Medicijngebruik,012m0jg51
494,OIM Orthopedie (Netherlands),0516ccm91
495,Stichting Adriaan Metius,048a4sn26
496,Stichting Semmy,00m3p9e86
497,Sporten voor Sophia,05s5ffk95
498,ResMed (Netherlands),001hc9y40
499,De Hoogstraat Revalidatie,04d59va55
500,Sophia Revalidatie,03m7jfm83
501,Synapse (Netherlands),03g8dtk63
502,Centrum Oosterwal,058x0nn53
503,Stichting de Verre Bergen,02a0z8v73
504,Stichting Roomsch Catholyk Oude Armen kantoor,05xzd4n85
505,Stichting Gereformeerd of Burgerweeshuis te Haarlem,03czygt47
506,Vrienden van het Sophia,03tdgzq48
507,Stichting Warande,01braxd57
508,Stichting Handbike Events,01e2kx306
509,Stichting Hartcentrum Twente,03bzzj274
510,Stichting Hofje Codde en Van Beresteyn,003dey933
511,Procter & Gamble (Netherlands),01sf6dn24
512,Stichting Mitialto,00srb9238
513,Jellinek,02vsng207
514,Vitalis WoonZorg Group,04t2ed417
515,Xendo (Netherlands),05dw0jd27
516,Yakult (Netherlands),056jbdt18
517,Stichting RevaZorg,00feb6h18
518,Espérance,05ns7k858
519,Disphar International (Netherlands),02ts4qr04
520,Stichting Toegepast Wetenschappelijk Instituut voor Neuromodulatie,05my1gr06
521,Het Nieuwe Instituut,001g4fr45
522,Huygen Installatie Adviseurs,00dav3y17
523,Schothorst Feed Research,024h8zy86
524,European Union Agency for Law Enforcement Cooperation,05sj3q575
525,Ecofys (Netherlands),01ypwfg63
526,Radboud University Nijmegen,016xsfp80
527,Centrum Wiskunde & Informatica,00x7ekv49
528,Energy Research Centre of the Netherlands,04xa4c474
529,DSM (Netherlands),00k01kt20
530,National Institute for Public Health and the Environment,01cesdt21
531,Ministry of Economic Affairs and Climate Policy,00bc6bw85
532,Dutch CAA Foundation,0252btq49
533,Groninger Museum,03zvet229
534,Holst Centre (Netherlands),04abpa862
535,Data Archiving and Networked Services,008pnp284
536,Poetry International Foundation,03s9q3c79
537,Stedelijk Museum Amsterdam,006a5r035
538,Novem (Netherlands),008d47791
539,Royal Dirkzwager,00dkg9f08
540,Keylane (Netherlands),02z7d4y66
541,Gemalto (Netherlands),006sbr164
542,Cimpress (Netherlands),01gnxgt70
543,Genetic Factors for Osteoporosis Consortium,03agtxq40
544,Encontech (Netherlands),010f98v62
545,Buijs Advice and Consultancy (Netherlands),0393akr92
546,Centre for Human Drug Research,044hshx49
547,Reade,00bp9f906
548,Vincent Van Gogh Voor Geestelijke Gezondheidszorg,02h6h5y05
549,Pharmo Institute,01wfg6h04
550,Europdonor Foundation,00r5t2s16
551,Netherlands Institute for Innovative Ocular Surgery,04hmqap24
552,TiFN,0183vre95
553,GGZ inGeest,042m3ve83
554,Shell (Netherlands),00b5m4j81
555,Associated Compiler Experts (Netherlands),04ed5sj24
556,Advanta Seeds (Netherlands),053t8wp47
557,CPB Netherlands Bureau for Economic Policy Analysis,04rjxzd30
558,Airborne International (Netherlands),04kwv2n58
559,Cyntelix (Netherlands),02en7tm18
560,Biomass Technology Group (Netherlands),001g7ce71
561,CGI (Netherlands),03ptrx272
562,Academic Center for Dentistry Amsterdam,04x5wnb75
563,Bioclear Earth (Netherlands),045b8kj71
564,HKV (Netherlands),00eehvf61
565,Gemeente Eindhoven,04dyx6987
566,Gemeente Rotterdam,03ma5tr22
567,FeyeCon (Netherlands),01bdddp98
568,Instituut voor Nederlandse Lexicologie,04m5bjk54
569,Magneto Special Anodes (Netherlands),00ra5vp36
570,Nationaal Archief of the Netherlands,0546dmt59
571,PhoeniX Software (Netherlands),00epmfe95
572,PRé Consultants,02vfhfv39
573,Nederlands Meetinstituut,053xpwt63
574,Danaher (Netherlands),0365ahw46
575,Ministry of Finance,054dc7e40
576,Research Institute for Knowledge Systems,01mzc3z63
577,SURF,009vhk114
578,Novay,00266dp40
579,Waag Society,041pa7h16
580,ServiceXS (Netherlands),04357cf44
581,Ontwikkelingsmaatschappij Oost Nederland,05vq5je50
582,Water Insight (Netherlands),00w437z14
583,Figo (Netherlands),027956n88
584,SURFsara (Netherlands),01k0v6g02
585,University of the Arts Utrecht,018bzp792
586,Stichting Hout Research (Netherlands),017vn3365
587,Stichting Bouwresearch,04hqh3a23
588,Alliance for Permanent Access,02dzc0673
589,Kenniscentrum Papier en Karton,009rrq568
590,Plastic Electronics (Netherlands),039j29a96
591,Wetlands International,04td9e852
592,WaterCampus,01jases89
593,Systematic (Netherlands),011nrx077
594,Rathenau Instituut,04crnd335
595,Triarii (Netherlands),02aye8x76
596,Vector Fabrics (Netherlands),05x9r8j38
597,X-Treme Creations (Netherlands),00nk33e27
598,Yamaha (Netherlands),02xd7yj05
599,Admiraal De Ruyter Ziekenhuis,04r0k8112
600,CytoSMART Technologies (Netherlands),01kcan266
601,Viroclinics Biosciences (Netherlands),00ddsq322
602,Royal HaskoningDHV (Netherlands),020v32r42
603,General Electric (Netherlands),03q3a0475
604,Bejo Zaden (Netherlands),046v1a544
605,AIMM Therapeutics (Netherlands),0027p4q12
606,Nederlands Instituut Forensische Psychiatrie,0382c3j25
607,Belastingdienst,01qh5w602
608,J.M. Burgerscentrum,035jnav47
609,Evalf Computing (Netherlands),035smsz08
610,Evides (Netherlands),03c3drj60
611,Oasen (Netherlands),02easbz49
612,The Ocean Cleanup,000jqa749
613,European Graduate School of Neuroscience,00ftg6h50
614,The Hyve (Netherlands),00p3egw50
615,GGD Limburg-Noord,02mn5cm26
616,Denssolutions (Netherlands),02f1h3d14
617,HPO Center (Netherlands),04jcdfd62
618,VIB Isolatietechniek (Netherlands),03wbhaj27
619,VORtech (Netherlands),00fxhtz28
620,XiO Photonics (Netherlands),0381mdg49
621,Avans University of Applied Sciences,015d5s513
622,Eurotransplant,00ph3nz62
623,Adelante,04f03nc30
624,Rijndam Revalidatiecentrum,04tsjk726
625,Max Planck Institute for Psycholinguistics,00671me87
626,Medtronic (Netherlands),02hmjce72
627,Sticares InterACT,00qp2dq07
628,MSD (Netherlands),05y28vr04
629,Johnson & Johnson (Netherlands),04vkhtf23
630,Advanced Lightweight Engineering (Netherlands),01dk0y732
631,Agendia (Netherlands),03txpx007
632,CSK Food Enrichment (Netherlands),00xbray82
633,Almende (Netherlands),05af63f35
634,Cisco Systems (Netherlands),0106nz743
635,Cross-Linked Enzyme Aggregates Technologies (Netherlands),05s49hg54
636,Demar Laser (Netherlands),05wy76019
637,Dyadic (Netherlands),023zgnb96
638,Ericsson (Netherlands),01h4rpv44
639,Frog AGV Systems (Netherlands),055fajc83
640,Fugro (Netherlands),054hq4w78
641,Holland Institute of Traffic Technology,01n8cxz90
642,HyGear (Netherlands),05pfyvd35
643,IBS Precision Engineering (Netherlands),059ddw530
644,Stichting Wetenschappelijk Onderzoek Verkeersveiligheid,053tsx367
645,IMIX Vision Support Systems (Netherlands),01c0de609
646,Louis Bolk Instituut,02kn8an38
647,Marine Information Service (Netherlands),03wr7bx86
648,KPN (Netherlands),01kzrk477
649,Nederlandse Gasunie (Netherlands),01r5d6p07
650,Micronit Microfluidics (Netherlands),02mtyfy02
651,Corbion (Netherlands),03d4ztk89
652,Naturalis Biodiversity Center,0566bfb96
653,Teamwork Technology (Netherlands),01kydft86
654,TomTom (Netherlands),04as6y835
655,Technolution (Netherlands),05d021z60
656,Xpand Biotechnology (Netherlands),04fywsz69
657,UbuntuNet Alliance for Research and Education Networking,01385bp05
658,European Federation of Food Science and Technology,03y0f7839
659,EGI Foundation,052jj4m32
660,Vereniging Samenwerkende Ouder- en Patiëntenorganisaties,05gt72306
661,USE2ACES (Netherlands),036nx0615
662,Europeana Foundation,036hkvc70
663,Galapagos (Netherlands),04e7m9p55
664,Andromed (Netherlands),03bsy3776
665,Heineken (Netherlands),04wvptk03
666,Kiadis Pharma (Netherlands),021q58r72
667,Cargill (Netherlands),040aqz944
668,Common Fund for Commodities,03xnf5k89
669,GGZ Rivierduinen,029cn2a76
670,Lentis,00t93jm73
671,Royal Holland Society of Sciences and Humanities,01ghar981
672,Bohn Stafleu van Loghum (Netherlands),05prsqx18
673,House of Representatives,00f6d9d53
674,Ziekenhuis Bernhoven,05b5x0e19
675,Islamic University of Rotterdam,02552gk22
676,International Financial Cryptography Association,01mbtgx32
677,Menasseh Ben Israel Institute,03120tz42
678,Oberon (Netherlands),02nn9qb77
679,Mimetas (Netherlands),00jz33f47
680,TropIQ Health Sciences,050xscb48
681,Abbott (Netherlands),0219f2672
682,Stichting Kinderoncologie Nederland,01zs6bp63
683,FF Pharma (Netherlands),0332rf080
684,Accare,02h4pw461
685,Senate,041agrq44
686,Scientific Council for Government Policy,054zz9x25
687,Gerrit Rietveld Academy,053jpjd80
688,Iselinge Hogeschool,047kqmy39
689,Genmab (Netherlands),01ajp8153
690,Hanze University of Applied Sciences,00xqtxw43
691,Tergooi,045nawc23
692,Haga Hospital,03q4p1y48
693,Altrecht GGZ,050jqep38
694,Atrium Medisch Centrum Parkstad,0367sye10
695,Ignatius Hospital,023r6xh67
696,IJsselland Ziekenhuis,03qh1f279
697,Rotterdam Eye Hospital,02hjc7j46
698,Maaslandziekenhuis,04cm78a24
699,Spaarne Ziekenhuis,0120mb525
700,St. Anna Ziekenhuis,04y89nz36
701,Wilhelmina Children's Hospital,05fqypv61
702,Sanquin,01fm2fv39
703,Eindhoven Cancer Registry,048rwjb21
704,Fontys University of Applied Sciences,01jwcme05
705,Stoas University of Applied Sciences,04x99xv31
706,Theological University,02x435584
707,AA Brediusstichting,01p369f26
708,KPC Group (Netherlands),03ef4eh86
709,Netherlands Graduate School of Linguistics,05dbptw67
710,Christelijke Scholengemeenschap Walcheren,02rdwwh89
711,African Studies Centre,00ma2r948
712,Netherlands Research School for Literary Studies,04mx1wt49
713,Ichthus College,039ryse59
714,Terra,01dn09e98
715,Museum Boerhaave,058nd7377
716,Archeologisch Diensten Centrum (Netherlands),045x7cm28
717,Internationale Vereniging voor Neerlandistiek,05p5fe205
718,Netherlands Institute for Catalysis Research,0567f1w19
719,ERA-NET Plant Genomics,055pf8065
720,Dutch Language Union,03gx28593
721,Regionale scholengemeenschap Goeree-Overflakkee,02z0ywx65
722,Polpharma Biologics (Netherlands),02h8kp866
723,National Museum of Antiquities,01079a392
724,Udens College,04ryr8437
725,University for Peace,002fzqp75
726,Combined Computer Services (Netherlands),02eq82485
727,Charles River Laboratories (Netherlands),01tasya06
728,European Medicines Agency,01z0wsw92
729,Refaja Ziekenhuis,04pw0tr28
730,Dutch Diabetes Research Foundation,04ch2g225
731,Netherlands organisation for international cooperation,04y716y05
732,South-South Exchange Programme for Research on the History of Development,03z1vf588
733,Netherlands eScience Center,00rbjv475
734,Hersenstichting,04y8met08
735,Podiceps (Netherlands),048fgvb33
736,Brain Innovation (Netherlands),03nbnyc28
737,Aircraft Development and Systems Engineering (Netherlands),03thqnc26
738,Flentrop Orgelbouw (Netherlands),04h71df97
739,Metrohm Autolab (Netherlands),00n9hrm35
740,Dutch Institute for Fundamental Energy Research,03w5dn804
741,FrieslandCampina (Netherlands),025mtxh67
742,Groenholland (Netherlands),01mmrtt85
743,IRC International Water and Sanitation Centre,02t84dn55
744,KOAC,02trhs052
745,SkyTeam,0466zcr09
746,Sphinx (Netherlands),05kxf7578
747,Mapper Lithography (Netherlands),035e3w906
748,Netherlands Youth Institute,01c3gx397
749,PalmSens (Netherlands),01c1hh988
750,Paques (Netherlands),041xceh77
751,Railinfratrust (Netherlands),058xhgv89
752,Polymark (Netherlands),044vb6b87
753,Stichting AlmereGrid,04ag0vk97
754,Dutch Institute for Advanced Logistics,00522p687
755,Green IT Amsterdam,04vp8rw50
756,SecurityMatters (Netherlands),034hr8t11
757,Stichting Lettinga Associates,05y7nb940
758,STM Association,04d5w6769
759,Stirling Cryogenics (Netherlands),030raqa76
760,Unisign (Netherlands),04adde783
761,Xenikos (Netherlands),021820f58
762,Brainclinics,00q8tg479
763,Instituut Verbeeten,02ymhq538
764,Havenziekenhuis Rotterdam,0240vc720
765,Revant (Netherlands),01azwtt17
766,Waterlandziekenhuis,02pfr9428
767,Baxter (Netherlands),05d088546
768,Enviu (Netherlands),01kntxs33
769,Kempenhaeghe,03bbe8e53
770,Wavin (Netherlands),01na6q190
771,Koninklijke Nederlandse Maatschappij voor Diergeneeskunde,006rga838
772,Lisa Waller Hayes Foundation,015fvc051
773,Dutch Blood Transfusion Society,00kan3777
774,Netherlands Leprosy Relief,03fzdex20
775,Foundation KiKa,05gxzef39
776,Stichting ParkinsonFonds,04550kp61
777,Stichting Coolsingel,0294che38
778,Albemarle (Netherlands),045cwqd08
779,AGCO (Netherlands),021wep716
780,Quadient (Netherlands),01vxsq455
781,Kuiper Medical Instruments (Netherlands),02eyspm09
782,Van Vliet Medical Supply,04gbm5d64
783,PerkinElmer (Netherlands),03e2hk535
784,Twente Medical Systems International (Netherlands),02pa5jt63
785,AbbVie (Netherlands),01qa0ew63
786,Raytheon Technologies (Netherlands),04m96pa44
787,Fresenius Kabi (Netherlands),030yesb42
788,Cicero Zorggroep,048rt2d32
789,Darwin Center for Biogeosciences,04ts2h794
790,Dutch Dairymen Board,05ref2x71
791,Northern Netherlands Provinces alliance,03s13vb04
792,Startup Foundation,05s31v772
793,AM–Pharma (Netherlands),02bpbnv34
794,Aveleijn,03krr1g45
795,De Viersprong,048jnwk41
796,Winclove Probiotics (Netherlands),02c0pn910
797,War Child,01tq9ra93
798,Allergan (Netherlands),020j24g35
799,Galactosemie Vereniging Nederland,00c6acq81
800,Nederlandse Internisten Vereniging,03sk8zw22
801,Nederlandse Vereniging voor Radiologie,0480n9h26
802,Ild Care Foundation,05359f550
803,Nationale Intensive Care Evaluatie Stichting,022p9j404
804,Cromsource (Netherlands),0181jsv49
805,Centrum Verslavings Onderzoek,041a6v281
806,Cyclotron (Netherlands),03kk4nz80
807,Arkin,0491zfs73
808,CameraPil (Netherlands),02x67gd16
809,Virenze,00r83s510
810,Apotheek Haagse Ziekenhuizen,003n39s44
811,Diapriva,032vv2x86
812,Alexander Monro Ziekenhuis,014ef6110
813,Ciro,03b8ydc26
814,CityLab010,01qyj4j90
815,B. Braun (Netherlands),03nx7mw09
816,European Rhinologic Society,00sbfzz78
817,Nederlandse Vereniging van Podotherapeuten,028248q44
818,Stichting FORCE,00c9v5g25
819,GGD Zeeland,042s2nd27
820,GGz Breburg,02b9h9j24
821,GGZ Delfland,04c0z9s56
822,Kijvelanden,05g52s684
823,CR2O,01x4thh14
824,Gouverneur Kremers Centrum,0204aj955
825,Medicines Evaluation Board,05mv4rb84
826,G.Ph. Verhagen-Stichting,04dhf0316
827,Gadeta (Netherlands),03qjsg132
828,OHRA,0015kmr33
829,Conrisq Groep,03vkbjy63
830,Mammoet (Netherlands),047qv2c31
831,Heliomare,05mm8r061
832,Orthopedie Groot Eindhoven,03x67yw88
833,Kennisinstituut Bier,033zx3z52
834,National Initiative Brain & Cognition,0460chp58
835,Maurits en Anna de Kock Stichting,04v6y1533
836,MeanderGroep Zuid-Limburg,04ctmwv54
837,Stichting OFOM,03meq3766
838,Oogvereniging,034nhtc63
839,Nea International (Netherlands),03b7e6556
840,Mediant Geestelijke Gezondheidszorg,057a13j38
841,Koninklijke Nederlandse Klim- en Bergsport Vereniging,048qt5n54
842,Mosadex CV (Netherlands),039jjgf18
843,Medspray (Netherlands),02ndam774
844,Nederlandse Vereniging voor Acupunctuur,02v1bhf02
845,Nederlandse Vereniging voor Reumatologie,04cjq4e24
846,Menzis (Netherlands),010vx8x83
847,Innofeet,01wjwqr61
848,Metakids,028jnma48
849,NIM Maatschappelijk Werk,043e6bd18
850,Instituut voor Positieve Psychologie,01scra789
851,Treant Zorggroep,01tm5k604
852,Postmaster Psychologie Opleidingen,03naar428
853,Nederlandse Ski Vereniging,015nq5b13
854,Score (Netherlands),055vbz424
855,Jaap Schouten Foundation,03vzats23
856,Centrum Aquamarijn,04byjbp28
857,Stichting Bio Kinderrevalidatie,03b60ep93
858,Lange Land Ziekenhuis,01w48gk31
859,Star Medisch Diagnostisch Centrum,04jfsvb44
860,"Roessingh, Centrum voor Revalidatie",03k261948
861,Achmea (Netherlands),00gqmky69
862,TKI Agri & Food,036br4307
863,Vereniging EMDR,02etw4c89
864,Nieuwegein Fonds,017cm0005
865,Vereniging van Groothandelaren in Bloemkwekerijprodukten,05n521861
866,Vision2Health (Netherlands),04jddfp89
867,U-center,03791x537
868,Welzijnservices (Netherlands),01nxgy670
869,Pactive Motion,05cygvk74
870,Stichting Oogfonds Nederland,00x6ysg61
871,WoonZorgcentra Haaglanden,00tbgre39
872,ZorgKeuzeLab,04chanh47
873,Zorg in Ontwikkeling,03vn3r884
874,de Posten,04phw6a61
875,Vrienden van Heideheuvel,00xs43h36
876,Zorg voor innoveren,00d7qnf81
877,Stichting Zorgdraad,00v3fhy84
878,Andros Mannenkliniek,03xhpsm17
879,Boston Scientific (Netherlands),021bvd011
880,ALS Centrum Nederland,014hhbt69
881,KCI (Netherlands),01jm7yc11
882,IrisZorg,01e542834
883,Interuniversity Center for Educational Research,01n4hxm67
884,Quality Assurance Netherlands Universities,03t7mrd69
885,Institute for Environmental Security,00vaeh811
886,International Institute for the Urban Environment,00qmy0x85
887,Dutch Fish Marketing Board,018y30a94
888,Masquelier’s (Netherlands),02xzsz056
889,University of Groningen,012p63287
890,Maastricht University,02jz4aj89
891,Wise & Munro Learning Research,04zsytt76
892,NXP (Netherlands),059be4e97
893,Unilever (Netherlands),02436cs38
894,Amsterdam UMC Location VUmc,00q6h8f30
895,Maritime Research Institute Netherlands,01fkbmk11
896,Trans-European Research and Education Networking Association,01rjk0n25
897,AstroTec Holding (Netherlands),016kjnf22
898,Ahold Delhaize (Netherlands),01v6p2g18
899,Sensata Technologies (Netherlands),05psg6c12
900,Springer Nature (Netherlands),01ebjwm20
901,Teijin (Netherlands),007yv1g81
902,The Global Alliance for LGBT Education,01f0eaw14
903,Climate Centre,028x4en59
904,Dutch Foundation for Literature,01xzsbn64
905,European Public Health Association,05dxne691
906,College voor de Rechten van de Mens,03kfjwh70
907,European College of Neuropsychopharmacology,05btws897
908,World Cancer Research Fund Netherlands,017fdbp82
909,Max Planck University of Twente Center for Complex Fluid Dynamics,02n9d1732
910,Arcadis (Netherlands),03hqjqp33
911,Bronkhorst (Netherlands),01jzyr789
912,International Step by Step Association,01ze2qb65
913,Huisarts en Wetenschap,01rqyfs68
914,Norgine (Netherlands),02vt89g81
915,Willem-Alexander Kinderziekenhuis,02xmm1048
916,John Benjamins Publishing Company (Netherlands),00z29pe13
917,Fontem Ventures (Netherlands),02qpxnp21
918,Protix (Netherlands),036j21948
919,Hague Institute of Private International and Foreign Law,05r4c6c72
920,Averis Seeds (Netherlands),011v4dm73
921,Cergentis (Netherlands),01ycfd220
922,Signify (Netherlands),0532vdr17
923,Transparency Lab (Netherlands),00xk3qa12
924,"Netherlands Graduate Research School of Science, Technology and Modern Culture",025fr4535
925,Bureau Waardenburg (Netherlands),020853v42
926,B-Ware (Netherlands),01p55fp87
927,LinXis Biopharmaceuticals (Netherlands),02077tq87
928,HE Space (Netherlands),04mgk5851
929,Legal Pathways,03dc5r714
930,NanoPHAB (Netherlands),033zsb510
931,SyMO-Chem (Netherlands),03em0vf53
932,General Practitioners Research Institute,00qtxjg46
933,Health & Safety in Sports,05m962h09
934,GGD Amsterdam,04gbbq803
935,European Tropical Forest Research Network,04beyjz13
936,GGZ Friesland,03c0kv729
937,European Hematology Association,05hk0hn26
938,Helen Dowling Instituut,059jkdx17
939,Wikimedia Nederland,046crbt05
940,Boschman Technologies (Netherlands),01wpvrw40
941,PNO Consultants (Netherlands),051yxm544
942,Access to Medicine Index,00msak069
943,Batavia Biosciences (Netherlands),02rqp9j27
944,Access to Nutrition Foundation,01mdbny50
945,Aidsfonds,00j04c011
946,Reading & Writing Foundation,05qssq044
947,Rutgers Sexual and Reproductive Health and Rights,00rcvgx40
948,BioMarin (Netherlands),007y18z84
949,BASilar artery International Cooperation Study,014dvgf17
950,HAL Allergy (Netherlands),04bksfs41
951,Enceladus Pharmaceuticals (Netherlands),05h13e956
952,Khondrion (Netherlands),02a1g6f69
953,Mundipharma (Netherlands),02jacnm89
954,Neurophyxia (Netherlands),019fz9b71
955,Parnassia Groep,002wh3v03
956,Takeda (Netherlands),00ycncb81
957,Roche (Netherlands),01gcg9888
958,UniQure (Netherlands),02jyvnx70
959,Zuyd University of Applied Sciences,02m6k0m40
960,Groene Hart Ziekenhuis,0582y1e41
961,Public Health Service of Amsterdam,042jn4x95
962,Ziekenhuis Bethesda,02hvsf428
963,Juliana Kinderziekenhuis,047b5av97
964,Medisch Centrum Leeuwarden,0283nw634
965,Rijnland Ziekenhuis,05vc4qy60
966,St. Antonius Ziekenhuis,01jvpb595
967,Trimbos Institute,02amggm23
968,Slotervaartziekenhuis,01w502745
969,Maasstad Ziekenhuis,01n0rnc91
970,Elisabeth-TweeSteden Ziekenhuis,04gpfvy81
971,Martini Ziekenhuis,017b69w10
972,VieCuri Medisch Centrum,02kjpb485
973,Zuyderland Medisch Centrum,03bfc4534
974,Philips (Netherlands),02p2bgp27
975,Netherlands Institute of Ecology,01g25jp36
976,Dutch College of General Practitioners,04x1grb60
977,HZ University of Applied Sciences,047cqa323
978,University of Applied Sciences Leiden,0093src13
979,Graduate School Experimental Plant Sciences,00dztkz65
980,Onderzoekschool Ethiek,05wx5rz20
981,Research School for Medieval Studies,03bkq6a07
982,Cosine (Netherlands),03qekm213
983,Amsterdam Institute for Global Health and Development,037n2rm85
984,Dunea,00ts92g58
985,Dutch Techcentre for Life Sciences,055d8gs64
986,Archol (Netherlands),015xhag49
987,Royal Netherlands Institute of Southeast Asian and Caribbean Studies,01bdv4312
988,Koninklijke Landmacht,02h83nc26
989,Koninklijke Scholengemeenschap,027hreq63
990,Expertisecentrum Nederlands,03tqe0950
991,Netherlands Institute for Art History,049p9kt19
992,Stichting voor Christelijke Filosofie,045h1za13
993,Cancer Genomics Centre,02y9qjz38
994,Van Lodenstein College,02dnd4c36
995,Netherlands School of Public Administration,033958n71
996,Hague Institute for Global Justice,0363anr51
997,Netherlands Architecture Institute,01r376258
998,BioDetection Systems (Netherlands),05396f476
999,Joint Implementation Network,044awgt66
1000,NuGO,0174sz637
1001,Hartstichting,05nxhgm70
1002,Netherlands Space Office,01vb6q136
1003,Fonds NutsOhra,04ev7sy32
1004,European & Developing Countries Clinical Trials Partnership,031jv9v19
1005,Stichting Astma Bestrijding,02cwr7s69
1006,Dutch Dairy Association,01n54ck79
1007,Reumafonds,05dr3r825
1008,Government of Netherlands,045vgz384
1009,Hubrecht Institute for Developmental Biology and Stem Cell Research,023qc4a07
1010,Centraal Bureau voor de Statistiek,0408v4c28
1011,Ricardo AEA (Netherlands),00862c839
1012,DAF Trucks (Netherlands),02ebcws13
1013,Colibri (Netherlands),01k6bda33
1014,BMT Group (Netherlands),01fr3an09
1015,Hauzer (Netherlands),03j7xe433
1016,Hybrid Catalysis (Netherlands),02kgzq677
1017,European Centre for Nature Conservation,0315hq159
1018,European Forum of Farm Animal Breeders,03s3e7380
1019,DuPont (Netherlands),00we3bs91
1020,Genias Benelux (Netherlands),01xbt9y54
1021,Exact Dynamics (Netherlands),02c2zwv68
1022,Liander (Netherlands),011asxc61
1023,Nokia (Netherlands),01resg468
1024,Malsch TechnoValuation,00eyn9595
1025,Netherlands Institute for Radio Astronomy,000k1q888
1026,Lagerwey Wind (Netherlands),02t75hb67
1027,Mitsubishi Electric (Netherlands),04kf71z43
1028,Mobycon,00780ev46
1029,Netherlands Institute for Sound and Vision,025ae8628
1030,Canon (Netherlands),03nvvdm73
1031,Syngenta (Netherlands),00hzxcy85
1032,SKF (Netherlands),01y13ze91
1033,Sparqle International (Netherlands),01dn4kx94
1034,Xsens (Netherlands),0190g0e24
1035,European Journalism Centre,045791j63
1036,Imec the Netherlands,01ezq2j76
1037,Association of European Research Libraries,05emsba88
1038,Alzheimer Nederland,03cw2h814
1039,Alloksys (Netherlands),031jky447
1040,ProQR Therapeutics (Netherlands),012q11j28
1041,Almex (Netherlands),00dnz3441
1042,Henkel (Netherlands),03ct7hd51
1043,AcQ Inducom,0085yms62
1044,ASM International (Netherlands),002yxfz10
1045,Artez and Innovatie,00ntmke92
1046,Nyrstar Budel (Netherlands),000cgzf80
1047,Aquamarijn (Netherlands),0570x4g13
1048,Van Wees (Netherlands),00kqt1k28
1049,Centre for Concepts in Mechatronics,027f3vp75
1050,Controle & Inspectie Bureau Brouwer (Netherlands),00y7e0f48
1051,Conoship International (Netherlands),04r9xv549
1052,Damen Shipyards Group (Netherlands),013trv503
1053,DCMR Milieudienst Rijnmond,024nbjg39
1054,Codrico (Netherlands),0461v4y70
1055,DEMO Consultants,00xbe3815
1056,Dura Vermeer (Netherlands),0139cja35
1057,Formatec Technical Ceramics (Netherlands),03ee26z15
1058,IBM (Netherlands),055yb9v95
1059,Topigs Norsvin (Netherlands),02n5mme38
1060,International Council for Research and Innovation in Building and Construction,003bfq559
1061,Innovative Solution In Space (Netherlands),03wbpr740
1062,Agrico (Netherlands),02hs8rd37
1063,MetaSensing (Netherlands),034taa614
1064,MRC Holland (Netherlands),02wcat891
1065,EduHintOVD (Netherlands),03gfza185
1066,PricewaterhouseCoopers (Netherlands),031601h81
1067,Pervatech (Netherlands),01fmzkf37
1068,Recore Systems (Netherlands),008am1c32
1069,Netherlands Environmental Assessment Agency,052x1hs80
1070,Scientific Computing & Modelling (Netherlands),025tsch51
1071,Seafarm (Netherlands),007pfmx21
1072,Centrum voor Landbouw en Milieu,017d8cr03
1073,University of Applied Sciences Utrecht,028z9kw20
1074,Materials innovation institute,00fyemf28
1075,Vilans,00c8emq34
1076,Stichting Technisch Centrum vd Keramische Industrie,02jybwh86
1077,Netherlands Organisation for Health Research and Development,01yaj9a77
1078,Van Swinden Laboratorium,05ap1vt50
1079,W/E Consultants,05f7acz87
1080,Vermaat Technics (Netherlands),02td2bv47
1081,X Flow (Netherlands),02evz6a53
1082,Libra Revalidatie & Audiologie,04nae0247
1083,Medicort Sports & Orthopedic Care,01mj4k378
1084,Tandartspraktijk Bocht Oosterdiep,02kqzrt08
1085,Franciscus Vlietland,05exe6d14
1086,Ziekenhuis Amstelland,05e73v668
1087,Amgen (Netherlands),05hqtjm11
1088,Bernard van Leer Foundation,03a9s6161
1089,EuroQol Research Foundation,01mrvqn21
1090,Prysmian Group (Netherlands),035vrvw61
1091,Maire Tecnimont (Netherlands),04cv1dy58
1092,Landsteiner Foundation for Blood Transfusion Research,05emg8z25
1093,Ministry of Foreign Affairs,03rx2ty86
1094,Stichting Sem Presser Archief,02f5r3008
1095,Combined Ophthalmic Research Rotterdam,03cfd9m08
1096,Robert Bosch (Netherlands),057aydj06
1097,Ferring Pharmaceuticals (Netherlands),03spzq317
1098,Environmental Research Instruments,051m3n143
1099,Medical Technology Transfer (Netherlands),050jk8g19
1100,Vinitex Laboratory Systems (Netherlands),00h4bvr24
1101,Chevron (Netherlands),053k40h13
1102,Duchenne Parent Project,01rvxw146
1103,Nederlandse Cystic Fibrosis Stichting,00r7myp66
1104,Vanderes Foundation,016p3p817
1105,Biobanking and BioMolecular resources Research Infrastructure The Netherlands,0003kpv33
1106,Kennisnet,05frzy624
1107,Next Generation Infrastructures,008cqbc52
1108,Dioraphte Foundation,036f91331
1109,Dr. F.P. Fischer-Stichting (Netherlands),000zsjk11
1110,Bergman Clinics,00z1c3x88
1111,Stichting Wetenschappelijk Onderzoek het Oogziekenhuis,02kctrc72
1112,Netherlands Center for Occupational Diseases,00jtnvh80
1113,Ergotherapie Nederland,01aq0vw42
1114,European Society for Hyperthermic Oncology,00m7jsz42
1115,Continentie Stichting Nederland,002jbbs61
1116,Eat2Move,05ea7a262
1117,CED Groep,03rmatq71
1118,D.H. Heijne Stichting,0452c3x52
1119,Reach-Aut Academic Centre for Autism,02tgb3473
1120,De Friesland Zorgverzekeraar (Netherlands),01xhgcw67
1121,Arteg (Netherlands),04r5kab60
1122,Deltaplan dementia,013k8vr26
1123,Centraal Ziekenfonds (Netherlands),01523c327
1124,Alan Turing Institute Almere,008a4xs91
1125,Endourological Society,037xna783
1126,Amstelland Fysiotherapie,01zacdj41
1127,Evalan (Netherlands),048bjga67
1128,Dutch Healthcare Authority,02bc7xp68
1129,Trombosestichting Nederland,02py32171
1130,FluxPlus (Netherlands),00yvav781
1131,BIRR (Netherlands),01ks64q75
1132,Foundation Centrum '45,01cwg1p04
1133,Fonds de Gavere,02fyhvd52
1134,Fonds Verstandelijk Gehandicapten,056v13058
1135,GGZ Noord-Holland-Noord,00b3xjw51
1136,Go4children,0492chx91
1137,Fysio Schambergen,042xwgm79
1138,JKF Kinderfonds,05crnp253
1139,Comon Foundation,03g10x105
1140,Condite,04xg9g962
1141,Knowledge Centre for Sport Netherlands,02pd5tw33
1142,GGD Haaglanden,007b8s847
1143,Heelkunde Friesland (Netherlands),04eqf2x52
1144,Kenter Jeugdhulp,05321n235
1145,Mathys (Netherlands),00vj56071
1146,Taskforce for Applied Research,03r6vqn56
1147,National Foundation for the Elderly,04fb0r664
1148,Nationaal Fonds Geestelijke Volksgezondheid,03fq9xt66
1149,Kliniek ViaSana,02258bk69
1150,Ophtec (Netherlands),02tj1ha51
1151,Huis voor de Zorg,02a1s0g57
1152,Brocacef Groep (Netherlands),04ph6g561
1153,Nederlandse Obesitas Kliniek,04e53cd15
1154,Visio,043nwx769
1155,Nederlandse Vereniging voor Anesthesiologie,02ykn5012
1156,Mentaal Beter,00g49cs57
1157,Nederlandse Vereniging voor Kindergeneeskunde,01bsyz889
1158,KSYOS TeleMedical Centre,059gs6g36
1159,Nemo Healthcare (Netherlands),04dz2w781
1160,Innospense (Netherlands),02crgsc42
1161,Metrisquare (Netherlands),00pfepj55
1162,Dutch Expert Centre for Screening,02braec51
1163,InnoSportLab,00qxws716
1164,Gemeente Leiden,04g1f3s05
1165,Mondriaan GGZ,04gk6ks26
1166,Pluryn,04htftw90
1167,Stichting Stimuleringsfonds Rouw,020sarg10
1168,Interpolis (Netherlands),04vz2j713
1169,"Nationale vereniging voor LUPUS, APS, Sclerodermie en MCTD",00yzykq08
1170,OCON Orthopedische kliniek,05h6np937
1171,Jan Kornelis de Cock Stichting,00qfb4074
1172,SIDN Fonds,05cej7184
1173,Roessingh Concern,02nmj4h80
1174,Stichting Apotheek der Haarlemse Ziekenhuizen,04v5fn795
1175,Nationaal MS Fonds,03za4at61
1176,Revalidatie Nederland,01erpqc93
1177,Revant medisch specialistische revalidatie,036qh7831
1178,Stichting Vooruit,04jxcha86
1179,Roparun Foundation,05j0e3q89
1180,Florence (Netherlands),021qg3d64
1181,Rotterdamse Fondsen,059y3xg14
1182,Stichting Westelijke Tuinsteden,00wtffy45
1183,'s Heeren Loo,05mf3wf75
1184,Uitvoeringsinstituut Werknemersverzekeringen,03ghw7z04
1185,IZZ Zorgverzekering,05g6kcv24
1186,Stichting Kinderen en Kansen,03cev2h16
1187,Lygature,02vtk3a57
1188,Lyvore,036187n68
1189,VDL Groep (Netherlands),01gy2bm93
1190,TKI Treco,054zktz40
1191,Defence Against Cancer Foundation,03deszr39
1192,Vion Food Group (Netherlands),04wfwab40
1193,VitalinQ,00rybq012
1194,Stichting Panta Rhei,00remyc86
1195,IJsselheem,03ytsc046
1196,Vivisol (Netherlands),00cdpwj98
1197,Zambon (Netherlands),03m1gem82
1198,Novamedia (Netherlands),014epsm02
1199,Zorggroep Solis,05m0fyt06
1200,Vrienden WKZ,024gr4122
1201,Dokter Bosman,04swy5694
1202,Bouman GGZ,018hhzz02
1203,Interuniversity Graduate School of Psychometrics and Sociometrics,02j3yct66
1204,DWA (Netherlands),04d42nn29
1205,Institute for European Energy and Climate Policy,00j210205
1206,Institute for Programming research and Algorithmics,04jxbkz90
1207,Nederlands Instituut voor Lastechniek,04132ev69
1208,New Energy Coalition,03rtrf513
1209,Radiocommunications Agency,00jmt8d06
1210,Wageningen University & Research,04qw24q55
1211,Utrecht University,04pp8hn57
1212,University of Twente,006hf6230
1213,Leiden University Medical Center,05xvt9f17
1214,Royal Netherlands Institute for Sea Research,01gntjh03
1215,Tilburg University,04b8v1s79
1216,Nuclear Research and Consultancy Group,034b4g685
1217,Saxion University of Applied Sciences,005t9n460
1218,European Association for Biometrics,03aeskr81
1219,Stichting Hester,01sy7jy68
1220,Dutch Institute for Alcohol Policy,05bpzf670
1221,Teylers Museum,01f0ym620
1222,The Hague Centre for Strategic Studies,05ttdrn83
1223,European Network of Guardianship Institutions,01zsng323
1224,Lorentz Center,00d503m77
1225,Astronomisch Fysisch Onderzoek Nederland,03h837345
1226,SNV Netherlands Development Organisation,01a4v4q66
1227,Forest Peoples Programme,058c5e806
1228,Qiagen (Netherlands),02qyqxk84
1229,Kowsar Medical (Netherlands),05nwd8d95
1230,Janssen (Netherlands),04cxegr21
1231,Frutarom (Netherlands),01cj13d80
1232,European Lead Factory,02gxafv90
1233,Enza Zaden (Netherlands),05wjcp323
1234,GBS Leiden,01h527v58
1235,Interuniversity Center for Social Science Theory and Methodology,005rems48
1236,Bravis Ziekenhuis,05564wx43
1237,Transnational University Limburg,05f0rzm15
1238,Eurocarbon (Netherlands),02jx61y97
1239,Hydrion (Netherlands),02hrvn918
1240,Amalia Kinderziekenhuis,024pk8k39
1241,Christian University of Applied Sciences,04tj5wz42
1242,Ministry of Defence,0079deh61
1243,Syngaschem (Netherlands),03r0qcr69
1244,Codarts Rotterdam,04vtvrr13
1245,Marnix Academie,03xws5b35
1246,Reformed University of Applied Sciences,02ar29j81
1247,Katholieke Pabo Zwolle,05nrjb178
1248,European Patent Organisation,016vvkz13
1249,Tactus Verslavingszorg,00v0vvh64
1250,Stichting Jij Speelt de Hoofdrol,04yd0my20
1251,Global Flyway Network,04srm5m98
1252,Open Data Infrastructure for Social Science and Economic Innovations,03m8v6t10
1253,Nutreco (Netherlands),05fb2ej88
1254,Natuurmuseum Brabant,04py0zz23
1255,Therabel (Netherlands),040ep5714
1256,Besi (Netherlands),02ws27m94
1257,Curio,00e39jm60
1258,GenomeScan (Netherlands),059ytn208
1259,Eaton (Netherlands),02pspay39
1260,Qu & Co. (Netherlands),05m107x33
1261,International Nemrud Foundation,03asbm106
1262,Harbour BioMed (Netherlands),02e2kms34
1263,Hartwig Medical Foundation,0428k0n93
1264,Tropenbos International,00yvwb080
1265,Center for Personalized Cancer Treatment,00xjcve44
1266,CRV (Netherlands),02w2xzg43
1267,Zuidwester,04bzz3t90
1268,Leidsche Rijn Julius Health Centers,02rx3c188
1269,Natural History Museum Maastricht,0488nj033
1270,Academic Medical Center,03t4gr691
1271,National Aerospace Laboratory,022sw4578
1272,Deltares,01deh9c76
1273,Erasmus University Rotterdam,057w15z03
1274,University of Amsterdam,04dkp9463
1275,University Medical Center Utrecht,0575yy874
1276,Biomedical Primate Research Centre,02ahxbh87
1277,Royal Tropical Institute,01z6bgg93
1278,Kema International (Netherlands),027b0sp52
1279,Microsoft (Netherlands),01x21tj82
1280,Netherlands Federation of University Medical Centres,02dm2pb39
1281,HAS University of Applied Sciences,05p706d77
1282,NHTV Breda University of Applied Sciences,04mfj5474
1283,Nyenrode Business University,018528593
1284,De Nederlandsche Bank,02fabx761
1285,Ziekenhuis Rivierenland,03xwgfg33
1286,United Nations University – Maastricht Economic and Social Research Institute on Innovation and Technology,053zwxr79
1287,Amsterdam University College,03dpjfc73
1288,Amsterdam University of the Arts,04dde1554
1289,Stenden University of Applied Sciences,026xbkx09
1290,Karakter,044jw3g30
1291,ArtEZ Institute of the Arts,05az93f25
1292,Education Council,04w3ppj64
1293,Kennemer Gasthuis,05d7whc82
1294,Aegon (Netherlands),04vxpm374
1295,Maastricht University Medical Centre,02d9ce178
1296,Canisius-Wilhelmina Ziekenhuis,027vts844
1297,Catharina Ziekenhuis,01qavk531
1298,Deventer Ziekenhuis,05w8df681
1299,De Wever-Ziekenhuis,0285m5c69
1300,Máxima Medisch Centrum,02x6rcb77
1301,Ziekenhuis Gelderse Vallei,03862t386
1302,Gelre Hospitals,05275vm15
1303,Streekziekenhuis Koningin Beatrix,02vn5as77
1304,Reinier de Graaf Hospital,00wkhef66
1305,Rijnstate Hospital,0561z8p38
1306,St Clara Hospital,05qfq7p37
1307,Zaans Medisch Centrum,0331x8t04
1308,Royal Dutch Kentalis,0175ya539
1309,Stichting Epilepsie Instellingen Nederland,051ae7717
1310,Netherlands Forensic Institute,04s2z4291
1311,Netherlands Institute for Neuroscience,05csn2x06
1312,Nederlands Instituut Voor Zuivel Oonderzoek,05ddg7v64
1313,Netherlands Pharmacovigilance Centre Lareb,04fp8ns78
1314,National Institute for Subatomic Physics,00f9tz983
1315,Papageno Foundation,05dyc0249
1316,ACS Biomarker (Netherlands),01fg04993
1317,Bouwcentrum (Netherlands),04eaqk971
1318,Bumaga (Netherlands),04qktt137
1319,Bio-Prodict (Netherlands),05ka98816
1320,Thermo Fisher Scientific (Netherlands),01139ec29
1321,Netherlands Controlling Authority for Milk and Milk Products,05sej3528
1322,Crisisplan,028gmb220
1323,CertiFlyer (Netherlands),02tzpx885
1324,E-Connection,05gjytt71
1325,E-Semble (Netherlands),03nygzm95
1326,ETC International,00d8t8t88
1327,"European Bureau of Library, Information and Documentation Associations",02qx3jt37
1328,Fujifilm (Netherlands),05b6fta51
1329,European Institute of Public Administration,014tp7304
1330,European Network for Cyber Security,0584wbt59
1331,Hycult Biotech (Netherlands),044j1gb67
1332,Environmental Analysis and Remote Sensing (Netherlands),00z443178
1333,Van Putten-Gas Energy Observatory (Netherlands),02caxje77
1334,Insulcon (Netherlands),03dwnrz57
1335,KE-Works (Netherlands),018x1vg82
1336,Librt (Netherlands),00yhce098
1337,Netherlands Food and Consumer Product Safety Authority,03v2e2v10
1338,Koppert (Netherlands),02dnajs12
1339,Machinefabriek Otto Schouten (Netherlands),05dmmmj28
1340,Ministry of Security and Justice,04nzhmg91
1341,Essent (Netherlands),042a0mn98
1342,MicroDish (Netherlands),003srnj92
1343,Microflown Technologies (Netherlands),04v9sac23
1344,Mierij Meteo,04g934a02
1345,PathoFinder (Netherlands),039je2z22
1346,Future Electronics (Netherlands),02sh10804
1347,Qserve Group (Netherlands),0235cda14
1348,Sappi (Netherlands),03m033p80
1349,STC Group (Netherlands),02r6y1x03
1350,Center for Technology & Innovation Management,041deym60
1351,SMST Designers & Constructors (Netherlands),002sayz20
1352,European Rail Research Institute,02za9ff59
1353,Dedicon,044jjd544
1354,Netherlands Institute for Social Research,04tagjk85
1355,Internet Memory Foundation,04pys4598
1356,Technology Foundation STW,057tq3593
1357,Waste,03vgpfk89
1358,Tauw Group (Netherlands),00h4fan47
1359,Tennet (Netherlands),02dyts510
1360,Wärtsilä (Netherlands),02yeqtv37
1361,eLEAF (Netherlands),05ggndd89
1362,IHE Delft Institute for Water Education,030deh410
1363,Addcomp (Netherlands),0081r6c67
1364,Tata Steel (Netherlands),00925cq50
1365,Infor (Netherlands),00cp8tk34
1366,Danone (Netherlands),01c5aqt35
1367,The Coatinc Company (Netherlands),02ps9at23
1368,ASML (Netherlands),01vxknj13
1369,Buck Consultants International,008wfp513
1370,Capgemini (Netherlands),03amxdk57
1371,Gemeente Den Haag,03w387231
1372,German Dutch Wind Tunnels,05vwbz082
1373,SGS (Netherlands),0171vtm86
1374,LioniX (Netherlands),00k8nkz10
1375,Dynniq (Netherlands),05edwfq62
1376,Jan de Rijk Logistics (Netherlands),0313r6y71
1377,Joint Institute for VLBI ERIC,006dmc180
1378,KeyGene (Netherlands),02zz2nb17
1379,Panteia,00p5j4e25
1380,National Library of the Netherlands,02w4jbg70
1381,Korps Landelijke Politiediensten,01trfzy92
1382,Nedstack fuel cell technology (Netherlands),01ctvj234
1383,Cultural Heritage Agency of Netherlands,01rxwr703
1384,Ministry of Infrastructure and the Environment,056a6x975
1385,Ministry of Health Welfare and Sport,041evnj42
1386,Ministry of the Interior and Kingdom Relations,01at1x128
1387,Re/genT (Netherlands),036nz4295
1388,Science and Technology Corporation (Netherlands),050regf97
1389,Kennisland,030bzfc32
1390,TuBerculosis Vaccine Initiative,01hb96w20
1391,Vilentum University of applied sciences,01xpgs822
1392,SupraPolix (Netherlands),01cmxpj21
1393,Nederlandse Spoorwegen,01024mn06
1394,Rijk Zwaan (Netherlands),00dzkep57
1395,Sylics (Netherlands),003eebv14
1396,TIE Kinetix (Netherlands),00zbvyk98
1397,Uniresearch,0547fcp84
1398,Maastro Clinic,059wkzj26
1399,European Neuro Muscular Centre,02babdz45
1400,Inter-Psy,03yew7168
1401,HealthNet TPO,0088fqs38
1402,GGZ Drenthe,0107rkg57
1403,Netherlands Institute for the Study of Crime and Law Enforcement,03124pm05
1404,Netherlands Comprehensive Cancer Organisation,03g5hcd33
1405,NTI University,025gshh98
1406,Brainport (Netherlands),0481b2b62
1407,Artemis One Health Research Foundation,00g4f6p58
1408,Prodrive Technologies (Netherlands),01zhpc307
1409,Biogen (Netherlands),01p0nd878
1410,AstraZeneca (Netherlands),021tmn508
1411,Hovon,056kpdx27
1412,European Society for Blood and Marrow Transplantation,014wq8057
1413,Ipsen (Netherlands),026jmga48
1414,Pharming Group (Netherlands),0233s3730
1415,Werkgroep Immunotherapie Nederland voor Oncologie,001crv456
1416,Westfriesgasthuis,0405b3553
1417,The Hague University of Applied Sciences,021zvq422
1418,Via Vinci Academy,026rmnx29
1419,Fons Vitae Lyceum,01p232496
1420,Centre for BioSystems Genomics,02j7y6936
1421,Fryske Akademy,05fcmfe52
1422,CSG Centre for Society and the Life Sciences,00pavee11
1423,Cito (Netherlands),04j4mc084
1424,Marecollege,03pdfag88
1425,Hazenberg Archeologie (Netherlands),01h1amn32
1426,HAN University of Applied Sciences,0500gea42
1427,Meertens Institute,05kaxyq51
1428,Huizinga Instituut,03wyamy27
1429,Q Free (Netherlands),03xw8f892
1430,Dacom (Netherlands),041n69t03
1431,Dutch Inspectorate of Education,05x74wc07
1432,International Institute of Social History,05dq4pp56
1433,Bertrand Russell College,002g6sj22
1434,Friesland College,02fq0hm69
1435,Roosevelt Study Center,05ck1h211
1436,Netherlands Institute for Advanced Study in the Humanities and Social Sciences,04z3wz653
1437,Bonaventuracollege,03nk3sc73
1438,Stichting Cultureel Erfgoed Zeeland,03a4a4y95
1439,Tropenmuseum,00r7zrn27
1440,National Museum of Ethnology,01xt0a511
1441,Windesheim Flevoland,036k3ee35
1442,Rotterdam University of Applied Sciences,0481e1q24
1443,TNO Management Consultants,03nawc604
1444,Joint Research Centre,05wzskb47
1445,UNStudio,05ngf5n66
1446,Sint Maartenskliniek,0454gfp30
1447,Netherlands Enterprise Agency,00mvd2t81
1448,Top Institute Pharma,01qmxzb47
1449,Stichting MS Research,00qeet526
1450,Prinses Beatrix Spierfonds,0011f2t53
1451,Nederlandse Brandwonden Stichting,01fz2rj87
1452,DOEN Foundation,03752z258
1453,Zorginstituut Nederland,038b4c997
1454,Spinoza Centre for Neuroimaging,05kgbsy64
1455,Gratama Stichting,0151rzq22
1456,Huisman (Netherlands),0372zyg05
1457,Oranje Fonds,00xvwyc81
1458,ODAS Stichting,03ye15z82
1459,Stichting tot Steun VCVGZ,05yh1h167
1460,Stichting Vrienden Beatrix Kinderziekenhuis,00vh82m49
1461,Tekke Huizinga Fonds,04jhza748
1462,A Sister's Hope,03dm55k03
1463,Bracco (Netherlands),00yxram96
1464,Hitachi (Netherlands),03fkhh366
1465,Eurofins (Netherlands),01fx1d378
1466,Boskalis (Netherlands),01w4ggt72
1467,Becton Dickinson (Netherlands),03qdj6986
1468,Promens Care,01hnq0310
1469,Topcon (Netherlands),05xjn4769
1470,Lung Foundation Netherlands,04gmab760
1471,Long Fonds,00ddgbf74
1472,Prins Bernhard Cultuurfonds,05j159997
1473,Stichting Achmea Slachtoffer en Samenleving,033hwwn95
1474,ALK-Abelló (Netherlands),022w0b336
1475,Stichting Kinderpostzegels Nederland,01dq08926
1476,Nederlandse Hoofdpijn Vereniging,044s3bf07
1477,Stryker (Netherlands),02nwyam20
1478,Princess Máxima Center,02aj7yc53
1479,A-SKIN (Netherlands),050782b52
1480,A.S. Watson (Netherlands),030nx8440
1481,Archipel Zorggroep (Netherlands),04m55rk62
1482,Academic Center for Evidence-Based Sports Medicine,017ecm653
1483,Radiotherapie Groep,048338z54
1484,Stichting De Opbouw,01jrsap74
1485,Stichting Artrose Zorg,00dfdhy47
1486,Embedded Fitness (Netherlands),03g9a1538
1487,Dentaid (Netherlands),043mdy139
1488,Hemics (Netherlands),02s8ewa53
1489,Royal Dutch Athletics Federation,01qyj3s68
1490,Atria,03n243a44
1491,Dialyse Centrum Groningen,022nxqs47
1492,Erfelijke Stofwisselingsziekten Nederland,05k9gkx37
1493,Avans+,003meye08
1494,Dokter Izak Wessel Stichting,01a2crk92
1495,GGNet,041g5fr04
1496,Dokter Wittenberg Stichting,007sjwq14
1497,Amsterdam Institute for Addiction Research,022gvqh28
1498,Dutch Colorectal Cancer Group,00nsb1162
1499,Bavo Stichting Heemstede,00zbyrh97
1500,Dystonie Vereniging,03bz8z424
1501,Stichting Bergh in het Zadel,009v0hs75
1502,Fietsersbond,05hcyxs26
1503,Zimmer Biomet (Netherlands),034k8cv93
1504,Geriant,01xazqf25
1505,Fonds voor het Hart,00ysd3163
1506,Robuust,01nsg2f90
1507,Bristol-Myers Squibb (Netherlands),00354aw77
1508,GGZ Westelijk Noord-Brabant,03ph8dz38
1509,GlaxoSmithKline (Netherlands),05atcw115
1510,Janivo Stichting,04e65y578
1511,Nefrovisie,03y974j42
1512,Food & Nutrition,04wpjg525
1513,Fyzzio (Netherlands),004xe4a74
1514,Haemonetics (Netherlands),01bcv2838
1515,Health Holland,056cwr036
1516,Cornelia-Stichting,054d83h93
1517,Kliniek voor Parodontologie Rotterdam,01mgbxm56
1518,Natuur- en GezondheidsProducten Nederland,00gtzdm25
1519,Royal Dutch Lawn Tennis Federation,02jhjfr59
1520,Medimate (Netherlands),04p56b975
1521,Merem,03en95y37
1522,Nederlandse Vereniging voor Heelkunde,04dm9th67
1523,Innopastry (Netherlands),03c8kfz86
1524,Phelps Stichting voor Spastici,0230gcj41
1525,InSpine,04qnj3s85
1526,Lelie Zorggroep,038kt0m24
1527,Nijmegen Institute for Scientist Practitioners in Addiction,01ydthg97
1528,MS4 Research Institute,00mptwf92
1529,Noordwest Ziekenhuisgroep,00bc64s87
1530,Multiple Sclerose Vereniging Nederland,0182mv832
1531,Polyganics (Netherlands),021hkh665
1532,LINK (Netherlands),05eqpm581
1533,Stichting Artsenlaboratorium en Trombosedienst,00xe2gs46
1534,Proteion,035thvx71
1535,Psychotherapy & Movement,02nr63q87
1536,Sint Maartenskliniek,042yqf226
1537,IVO Addiction Research Institute,03w498803
1538,Stichting Afasie Nederland,02xqfym19
1539,SilverFit (Netherlands),054svy457
1540,SIR Institute for Pharmacy Practice and Policy,04prjvw86
1541,AO Nederland,0540d1y92
1542,Spieren voor Spieren,01d22zt92
1543,Stichting ALS Nederland,04gffpy86
1544,SPRINT,01jbeyb43
1545,Stichting Stoffels-Hornstra,05qg0fx21
1546,TeamAlert,04qc37m11
1547,Sport Medisch Centrum Papendal,02wmkpz59
1548,Rijnlands Revalidatie Centrum,059gavv29
1549,RINO Zuid,030zk4850
1550,Teva Pharmaceuticals (Netherlands),02s6t9r74
1551,Brijder,04whgpk43
1552,Stichting Zorgondersteuningsfonds,01k2ap794
1553,Stichting Emmafonds,00qmvv685
1554,Stichting Gezondheidscentra Eindhoven,02cwrcd13
1555,Stichting Vrienden van het Hart,0029ghb74
1556,Stichting HemoBase,00x5ydx53
1557,Stichting Kenniscentrum Dementie op Jonge Leeftijd,010xsbj02
1558,Dutch Health Care Inspectorate,03qdk1w56
1559,Stichting LOOP,0479zah75
1560,Vereniging Nederland-Davos,001edkr35
1561,Vereniging van Zorgaanbieders voor Zorgcommunicatie,05beaz940
1562,Wantveld,013e4mp15
1563,Stichting Weeshuis der Doopsgezinden,02r0jj466
1564,UCB Pharma (Netherlands),04gca2h74
1565,Stofberg Preventie & Coaching,01nxgpa50
1566,Umenz (Netherlands),0013dpg50
1567,Willem Meindert de Hoop Stichting,05k3cv262
1568,Vitromics (Netherlands),00af9q554
1569,Stichting Physico,00g715g80
1570,Zorgverzekeraars Nederland,042v6ch48
1571,Yulius,03jftj094
1572,ZZG zorggroep,053ad7843
1573,Werkgoed (Netherlands),05nxrmr92
1574,Rugpoli,02w1dxn42
1575,TIAS School for Business and Society,03q7ay915
1576,Netherlands Institute of International Relations Clingendael,04vbm7a71
1577,Netherlands Institute for Multiparty Democracy,04syg0e16
1578,International Commission for the Hydrology of the Rhine Basin,04fc1vj20
1579,Advanced Research Center for Nanolithography (Netherlands),04xe7ws48
1580,QuTech,04wf30j82
1581,Health Action International,0229rjp19
1582,Rijksmuseum,006wjwp03
1583,Prexton Therapeutics (Netherlands),02kras730
1584,Exor (Netherlands),04nzfkq05
1585,Cordis Automation (Netherlands),05vft1j67
1586,Nectaerra,0072ngz93
1587,Dutch Art Institute,023p2b446
1588,ISTEQ (Netherlands),00r2sd878
1589,Unilever Foods Innovation Centre,04nq8gx07
1590,Politieacademie,01htwz965
1591,KPMG (Netherlands),03xvagj73
1592,Delta Institute for Theoretical Physics,01yx4wq53
1593,Amsterdam University Medical Centers,05grdyy37
1594,HZPC (Netherlands),03v44jk32
1595,Port of Moerdijk,00nhmr817
1596,Scalda,01dcz6f16
1597,GreyNet International,01pxfxj80
1598,Brightlands Materials Center,0360ybs31
1599,Scionix (Netherlands),04z3q6371
1600,Dutch Butterfly Conservation,01yt2j759
1601,Dutch Institute for Clinical Auditing,014stvx20
1602,Single Cell Discoveries (Netherlands),00v50wt26
1603,Centrum voor Gynaecologische Oncologie Amsterdam,03sxzz606
1604,Dutch Heart Registry,01eh42f79
1605,Joep Lange Institute,01cgvw868
1606,Atos (Netherlands),04ve2jr14
1607,National Health Care Institute,000kng648
1608,Rotterdam Stroke Service,0232dj695
1609,OMERACT Patient Research Partner Network,04b4r9r69
1610,ERN GUARD-Heart,055s7a943
1611,De Bastei,04y2aw426
